time,participant
0.0392,1
0.5074,1
0.9808,1
1.4811,1
2.0286,1
2.9315,1
3.7215,1
4.3543,1
4.8559,1
5.3257,1
5.7891,1
6.2694,1
6.7862,1
7.3281,1
7.9122,1
8.5351,1
9.1565,1
9.6998,1
10.2217,1
10.7623,1
11.7773,1
12.481,1
13.0215,1
13.5152,1
14.0053,1
14.5429,1
15.5629,1
16.2968,1
16.9792,1
17.6363,1
17.9355,1
18.1424,1
18.9729,1
19.0863,1
19.3182,1
19.8077,1
20.1279,1
20.1855,1
20.4915,1
21.0644,1
22.1239,1
22.9906,1
23.7692,1
24.4856,1
25.1496,1
25.7752,1
26.416,1
27.0705,1
27.7673,1
28.4571,1
29.1279,1
29.7599,1
30.3737,1
31.0501,1
31.9268,1
32.0567,1
32.2555,1
33.5588,1
34.3339,1
35.0442,1
35.7125,1
36.3569,1
37.0022,1
37.6424,1
38.2907,1
38.946,1
39.6088,1
40.2467,1
40.8501,1
41.4024,1
41.9139,1
42.4131,1
42.924,1
43.4776,1
44.096,1
45.1539,1
45.981,1
46.7988,1
47.6425,1
48.4572,1
49.2677,1
50.0373,1
50.7697,1
51.4747,1
52.1439,1
52.7814,1
53.3608,1
53.8917,1
54.4184,1
54.993,1
55.6447,1
56.7789,1
57.6593,1
58.5261,1
59.386,1
60.2081,1
61.0068,1
61.7825,1
62.5238,1
0.2087,10
0.381,10
0.6831,10
0.9945,10
1.159,10
1.4366,10
1.6345,10
1.8923,10
2.2468,10
2.5099,10
2.6727,10
3.6129,10
4.198,10
4.7832,10
5.3148,10
5.8598,10
6.4339,10
7.0278,10
7.675,10
8.3156,10
8.9245,10
9.4848,10
10.0344,10
10.6103,10
11.2555,10
11.8885,10
12.4664,10
13.0266,10
13.6029,10
14.2321,10
14.8589,10
15.4278,10
16.0335,10
16.684,10
17.2875,10
17.8871,10
18.5396,10
19.2141,10
19.839,10
20.4723,10
21.1268,10
21.7165,10
22.2741,10
22.8261,10
23.4027,10
23.978,10
24.523,10
25.0465,10
25.6053,10
26.6087,10
27.3916,10
28.0716,10
28.8304,10
29.5874,10
30.2345,10
30.8743,10
31.6021,10
32.2499,10
32.9503,10
33.9718,10
34.7377,10
35.5141,10
36.4416,10
37.198,10
37.9374,10
38.7292,10
39.4971,10
40.248,10
41.0759,10
41.8449,10
42.5923,10
43.4132,10
44.364,10
45.2306,10
45.9656,10
46.6851,10
47.4537,10
48.2475,10
48.9543,10
49.7013,10
50.5009,10
51.2409,10
52.0241,10
52.9402,10
53.7457,10
54.4767,10
55.2544,10
56.1004,10
56.8234,10
57.5966,10
58.4342,10
59.2559,10
60.0001,10
60.6926,10
61.4157,10
0.3208,11
0.6906,11
1.0568,11
1.4233,11
1.7861,11
2.1477,11
2.5103,11
2.8721,11
3.2358,11
3.6037,11
3.9741,11
4.3456,11
4.7171,11
5.0913,11
5.4685,11
5.8467,11
6.2311,11
6.6137,11
6.9943,11
7.377,11
7.7611,11
8.1521,11
8.5476,11
8.9446,11
9.3367,11
9.7306,11
10.1302,11
10.5348,11
10.9425,11
11.3432,11
11.742,11
12.1418,11
12.5467,11
12.9543,11
13.365,11
13.7686,11
14.1688,11
14.5707,11
14.9742,11
15.3825,11
15.7955,11
16.2086,11
16.6171,11
17.0245,11
17.3845,11
17.4448,11
17.8262,11
17.8696,11
18.0894,11
18.3066,11
18.7389,11
18.9601,11
19.1631,11
19.5836,11
20.0,11
20.4221,11
20.8568,11
21.3111,11
21.7871,11
22.2721,11
22.7475,11
22.9616,11
23.2245,11
23.6939,11
24.1587,11
24.6187,11
25.0702,11
25.5076,11
25.9399,11
26.3706,11
26.7589,11
26.8061,11
27.2561,11
27.7148,11
28.1576,11
28.5944,11
29.0325,11
29.4858,11
29.9549,11
30.4342,11
30.8998,11
31.3677,11
31.7487,11
31.838,11
32.2988,11
32.7599,11
33.2155,11
33.6694,11
34.132,11
34.6124,11
35.0445,11
35.3559,11
37.1415,11
37.5746,11
37.6263,11
38.1047,11
38.329,11
38.53,11
38.5786,11
38.9921,11
39.0427,11
39.4233,11
39.4961,11
39.7144,11
39.9406,11
40.3775,11
41.2437,11
41.6818,11
42.1396,11
42.6972,11
43.3491,11
44.5428,11
46.6398,11
47.0944,11
47.1645,11
47.5769,11
47.676,11
48.1762,11
48.6621,11
49.1344,11
49.5928,11
50.0419,11
50.2696,11
50.4849,11
50.932,11
51.3856,11
51.7971,11
51.8451,11
52.0859,11
52.2946,11
52.5271,11
52.7401,11
53.0899,11
53.1893,11
53.6437,11
54.5764,11
56.2228,11
56.4937,11
57.7316,11
58.2766,11
58.7881,11
59.2838,11
59.5279,11
59.7667,11
60.2403,11
60.6305,11
60.7061,11
61.1083,11
61.1641,11
61.6148,11
62.059,11
62.5123,11
62.9833,11
63.4835,11
63.7164,11
63.989,11
64.4683,11
64.6979,11
64.9389,11
65.4044,11
65.8774,11
66.3548,11
68.6246,11
69.1688,11
69.6874,11
70.1908,11
70.6819,11
0.4006,12
0.8589,12
1.3273,12
1.8068,12
2.2776,12
3.1475,12
3.2011,12
3.3335,12
3.6134,12
3.6757,12
4.1199,12
4.1475,12
4.4414,12
4.5854,12
4.6149,12
5.0762,12
5.2063,12
6.4431,12
6.5447,12
6.8297,12
7.0571,12
7.5563,12
8.0549,12
8.5654,12
9.0878,12
9.6019,12
10.1037,12
10.6145,12
11.1394,12
11.6545,12
12.1586,12
12.6641,12
13.1813,12
13.7044,12
14.7395,12
15.1819,12
15.2474,12
15.5554,12
15.7643,12
17.2739,12
17.3376,12
17.858,12
20.6552,12
21.0665,12
21.2432,12
21.869,12
22.4416,12
22.7989,12
22.996,12
23.3835,12
23.5609,12
24.1402,12
28.1136,12
28.5014,12
28.7479,12
29.3288,12
29.881,12
30.4106,12
34.4106,12
34.831,12
35.0154,12
35.586,12
36.1388,12
36.6794,12
40.3202,12
40.8362,12
40.9056,12
41.4513,12
41.5106,12
42.0854,12
42.4148,12
42.6475,12
44.8916,12
45.4428,12
46.0168,12
46.5879,12
47.6464,12
47.7093,12
48.0148,12
48.292,12
48.9015,12
49.4963,12
50.0869,12
50.7075,12
51.3551,12
51.9667,12
52.5579,12
53.1599,12
53.7462,12
55.4202,12
55.4858,12
56.008,12
56.0695,12
56.6461,12
56.9672,12
57.2414,12
57.8474,12
58.4335,12
59.0195,12
59.62,12
60.21,12
0.3662,14
0.8364,14
1.3016,14
1.7771,14
2.2551,14
2.7263,14
3.2012,14
3.6834,14
4.174,14
4.6613,14
5.1498,14
5.6576,14
6.1541,14
6.6552,14
7.1629,14
7.6816,14
8.1894,14
8.702,14
9.2131,14
9.712,14
10.2005,14
10.7073,14
11.2191,14
11.7375,14
12.2708,14
12.8387,14
13.4066,14
13.9913,14
14.5789,14
15.141,14
15.7123,14
16.2794,14
16.816,14
17.3808,14
17.9135,14
18.4516,14
18.9934,14
19.5191,14
20.0331,14
20.5568,14
21.0683,14
21.5797,14
22.106,14
22.6716,14
23.2421,14
23.8912,14
24.7115,14
25.3913,14
25.9954,14
26.5562,14
27.092,14
27.5984,14
28.0956,14
28.6235,14
29.1962,14
29.7602,14
30.3124,14
30.9207,14
31.4988,14
32.0854,14
32.6735,14
33.2607,14
33.8273,14
34.4507,14
35.016,14
35.6078,14
36.1815,14
36.7769,14
37.3856,14
37.9699,14
38.5613,14
39.1751,14
39.7845,14
40.3594,14
40.9365,14
41.5122,14
42.1187,14
42.6989,14
43.3134,14
43.8975,14
44.4771,14
45.0687,14
45.6284,14
46.1832,14
46.779,14
47.3791,14
47.9635,14
48.5719,14
49.1804,14
49.776,14
50.4096,14
51.0104,14
51.6088,14
52.2152,14
52.8034,14
53.3885,14
54.007,14
54.6101,14
55.2108,14
55.8203,14
56.4232,14
57.0028,14
57.6216,14
58.2027,14
58.7918,14
59.3578,14
59.9697,14
0.1258,15
0.5584,15
1.0046,15
1.4526,15
1.8977,15
2.3447,15
2.8034,15
3.2639,15
3.7151,15
4.165,15
4.623,15
5.0842,15
5.535,15
5.986,15
6.4476,15
6.9159,15
7.373,15
7.8334,15
8.3026,15
8.7814,15
9.2502,15
9.717,15
10.1987,15
10.6672,15
11.131,15
11.6029,15
12.0697,15
12.5321,15
12.996,15
13.457,15
13.9113,15
14.3628,15
14.8185,15
15.2845,15
15.7736,15
16.262,15
16.5683,15
16.7433,15
17.2244,15
17.3438,15
17.6103,15
17.7371,15
18.3064,15
18.8671,15
19.3666,15
20.3697,15
20.8879,15
21.3906,15
21.8791,15
22.3603,15
22.8406,15
23.3385,15
23.854,15
24.3667,15
24.8882,15
25.4289,15
26.0103,15
26.8283,15
27.6529,15
28.4368,15
29.1727,15
29.8617,15
30.5242,15
31.2018,15
31.8821,15
32.4595,15
32.9894,15
33.5415,15
34.6083,15
35.4142,15
36.0679,15
36.6833,15
37.3597,15
38.0869,15
38.9139,15
39.8094,15
40.6676,15
41.4472,15
42.1672,15
42.8332,15
43.4611,15
44.043,15
44.5772,15
45.0926,15
45.608,15
46.1793,15
47.1412,15
48.002,15
48.8684,15
49.6134,15
50.2392,15
50.8322,15
51.4979,15
52.2217,15
52.9716,15
53.6609,15
54.3176,15
54.9571,15
55.5551,15
56.115,15
56.6552,15
57.1712,15
57.6797,15
58.189,15
58.7473,15
59.7326,15
60.5595,15
61.3437,15
62.1202,15
62.9241,15
63.7649,15
64.5747,15
65.3653,15
66.1659,15
66.9529,15
67.7054,15
68.3774,15
68.9689,15
69.5169,15
70.0522,15
70.6059,15
71.6103,15
0.2684,16
0.6595,16
1.0518,16
1.4443,16
1.8417,16
2.2437,16
2.6546,16
3.0693,16
3.4822,16
3.8957,16
4.3072,16
4.7226,16
5.147,16
5.5224,16
5.5761,16
6.0056,16
6.4314,16
6.8551,16
7.2771,16
7.703,16
8.1373,16
8.5783,16
9.0123,16
9.4429,16
9.8713,16
10.3013,16
10.7381,16
11.1816,16
11.6273,16
12.0658,16
12.5022,16
12.9342,16
13.3692,16
13.813,16
14.2573,16
14.6952,16
15.1305,16
15.5096,16
15.5652,16
16.006,16
16.4456,16
16.8445,16
16.8974,16
17.3422,16
17.7836,16
18.2212,16
18.6638,16
19.1155,16
19.5757,16
20.0278,16
20.4765,16
20.9203,16
21.3651,16
21.8226,16
22.285,16
22.7388,16
23.1899,16
23.6359,16
24.0904,16
24.5529,16
25.013,16
25.4651,16
25.9133,16
26.3614,16
26.8185,16
27.2794,16
27.7315,16
28.1813,16
28.6297,16
29.0827,16
29.5484,16
30.0177,16
30.4783,16
30.9344,16
31.3882,16
31.8531,16
32.3284,16
32.8007,16
33.2599,16
33.7157,16
34.1707,16
34.6367,16
35.1113,16
35.5734,16
36.0316,16
36.4863,16
36.9448,16
37.4173,16
37.898,16
38.3766,16
38.8429,16
39.3044,16
39.7724,16
40.2605,16
40.7586,16
41.2408,16
41.7144,16
42.1824,16
42.6633,16
43.1543,16
43.6346,16
44.109,16
44.5741,16
45.0458,16
45.5306,16
46.007,16
46.476,16
46.9404,16
47.4092,16
47.8921,16
48.3763,16
48.845,16
49.3101,16
49.7763,16
50.2566,16
50.7503,16
51.2268,16
51.7011,16
52.1678,16
52.6387,16
53.1279,16
53.6295,16
54.1125,16
54.5866,16
55.0561,16
55.5309,16
56.0213,16
56.519,16
57.0042,16
57.4818,16
57.9553,16
58.4424,16
58.9448,16
59.446,16
59.9306,16
60.4084,16
60.8852,16
61.3783,16
0.1792,17
0.5703,17
0.963,17
1.3587,17
1.7537,17
2.1442,17
2.5343,17
3.3125,17
3.7034,17
4.093,17
4.4872,17
4.8753,17
5.2617,17
5.645,17
6.045,17
6.4364,17
6.8348,17
7.2279,17
7.6282,17
8.0264,17
8.4365,17
8.8453,17
9.2599,17
9.6616,17
10.072,17
10.4877,17
10.9042,17
11.3317,17
11.763,17
12.2015,17
12.6279,17
13.0575,17
13.4871,17
13.9358,17
14.377,17
14.8099,17
15.2405,17
15.6714,17
16.1152,17
16.5543,17
16.9869,17
17.4179,17
17.8508,17
18.2876,17
18.7358,17
19.1835,17
19.6438,17
20.0705,17
20.5097,17
20.9581,17
21.2,17
21.3974,17
21.6022,17
21.8599,17
22.2148,17
22.2964,17
22.5648,17
22.7447,17
23.1731,17
23.6175,17
24.0609,17
24.5097,17
24.9626,17
25.4195,17
25.8764,17
26.3417,17
26.793,17
27.2385,17
27.6802,17
28.1212,17
28.5593,17
29.0104,17
29.4643,17
29.9262,17
30.4095,17
30.9027,17
31.4134,17
31.9284,17
32.4527,17
32.9836,17
33.516,17
34.0515,17
34.5508,17
35.0337,17
35.5095,17
35.9907,17
36.4799,17
36.9618,17
37.4241,17
37.9012,17
38.3741,17
38.8551,17
39.3405,17
39.8101,17
40.2749,17
40.7478,17
41.2208,17
41.695,17
42.1759,17
42.6671,17
43.1695,17
43.6761,17
44.1859,17
44.6932,17
45.2077,17
45.727,17
46.245,17
46.7454,17
47.234,17
47.7143,17
48.1928,17
48.6776,17
49.1767,17
49.6972,17
50.2067,17
50.7061,17
51.2014,17
51.719,17
52.227,17
52.7328,17
53.2355,17
53.7466,17
54.2668,17
54.796,17
55.3298,17
55.8495,17
56.3648,17
56.884,17
57.4014,17
58.2018,17
58.41,17
58.9177,17
59.4193,17
59.9101,17
60.3948,17
60.8659,17
0.2132,18
0.7684,18
1.3067,18
1.8511,18
2.4081,18
2.9806,18
3.5449,18
4.0953,18
4.643,18
5.2344,18
5.8827,18
6.5491,18
7.2043,18
7.8237,18
8.4329,18
9.0586,18
9.7172,18
10.4097,18
11.0855,18
11.7231,18
12.3587,18
13.0228,18
13.7411,18
14.4055,18
15.0369,18
15.6949,18
16.4614,18
17.2073,18
17.8871,18
18.538,18
19.2071,18
19.9105,18
20.5887,18
21.2562,18
21.9523,18
22.6799,18
23.3696,18
24.0574,18
24.7773,18
25.5254,18
26.2276,18
26.94,18
27.6891,18
28.4245,18
29.1116,18
29.7761,18
30.2799,18
31.2159,18
31.87,18
32.5079,18
33.1536,18
33.869,18
34.6478,18
35.3674,18
36.0435,18
37.4401,18
38.5933,18
39.5642,18
40.3685,18
41.1322,18
42.072,18
42.899,18
43.681,18
45.0893,18
46.2156,18
47.1984,18
48.1229,18
49.211,18
50.2191,18
51.0839,18
51.8828,18
52.7236,18
53.5663,18
55.0078,18
56.1633,18
57.239,18
58.2822,18
59.229,18
0.1128,19
0.5854,19
1.0567,19
1.5503,19
2.0345,19
2.5143,19
2.9926,19
3.493,19
3.9914,19
4.4782,19
4.9634,19
5.4805,19
5.9929,19
6.4857,19
6.9983,19
7.5151,19
8.0172,19
8.5113,19
9.043,19
9.5581,19
10.0573,19
10.5845,19
11.1094,19
11.6109,19
12.1115,19
12.6572,19
13.1931,19
13.7034,19
14.24,19
14.781,19
15.3009,19
15.8378,19
16.3847,19
16.9026,19
17.4125,19
17.919,19
18.4685,19
19.0215,19
19.5788,19
20.1409,19
20.6895,19
21.2141,19
21.3736,19
21.758,19
21.9169,19
22.2778,19
22.4384,19
22.7853,19
22.9431,19
23.2955,19
23.8025,19
24.2973,19
24.7939,19
25.2997,19
25.6951,19
25.8749,19
26.4649,19
27.0441,19
27.627,19
28.2227,19
28.8447,19
29.5123,19
30.1625,19
30.7867,19
31.383,19
31.9434,19
32.5157,19
32.6862,19
33.0654,19
33.6316,19
34.1795,19
34.7523,19
35.3081,19
35.8547,19
36.3919,19
36.9269,19
37.5262,19
38.1713,19
39.0509,19
39.8588,19
40.5805,19
41.2216,19
41.8216,19
42.3973,19
42.9572,19
43.5056,19
44.0412,19
44.5807,19
45.1225,19
45.6657,19
45.8256,19
46.2686,19
46.8564,19
47.4116,19
47.5726,19
47.9694,19
48.5035,19
49.0237,19
49.5465,19
50.0912,19
51.0753,19
51.9285,19
52.7304,19
53.5304,19
54.3347,19
55.1274,19
55.8205,19
56.4092,19
56.5887,19
56.9818,19
57.5514,19
58.1124,19
58.7132,19
59.2838,19
59.8507,19
60.4246,19
0.3643,2
0.8262,2
1.2813,2
1.7351,2
2.1912,2
2.6532,2
3.1079,2
3.5605,2
4.005,2
4.4578,2
4.9085,2
5.3559,2
5.8022,2
6.2467,2
6.6976,2
7.15,2
7.5968,2
8.0451,2
8.4897,2
8.9451,2
9.3983,2
9.8535,2
10.3104,2
10.7684,2
11.2349,2
11.7028,2
12.1749,2
12.6435,2
13.1147,2
13.5858,2
14.0546,2
14.5222,2
14.994,2
15.4673,2
15.9393,2
16.4061,2
16.8817,2
17.3569,2
17.8319,2
18.3057,2
18.7799,2
19.2629,2
19.7459,2
20.2314,2
20.7191,2
21.2191,2
21.7243,2
22.2332,2
22.7367,2
23.2406,2
23.7483,2
24.2513,2
24.7455,2
25.2333,2
25.7361,2
26.238,2
26.7372,2
27.2279,2
27.7227,2
28.2322,2
28.7438,2
29.2506,2
29.7483,2
30.2533,2
30.7675,2
31.2787,2
31.7807,2
32.2897,2
32.808,2
33.3297,2
33.8434,2
34.3523,2
34.8791,2
35.4079,2
35.9325,2
36.4494,2
36.9786,2
37.511,2
38.0413,2
38.5601,2
39.0852,2
39.6143,2
40.144,2
40.6659,2
41.1934,2
41.7335,2
42.2732,2
42.8022,2
43.3346,2
43.8815,2
44.427,2
44.9664,2
45.5238,2
46.0847,2
46.6371,2
47.1901,2
47.7655,2
48.3437,2
48.9118,2
49.4812,2
50.058,2
50.6327,2
51.1958,2
51.7684,2
52.3375,2
52.8961,2
53.4423,2
54.0025,2
54.5652,2
55.1276,2
55.682,2
56.2488,2
56.8165,2
57.3806,2
57.9313,2
58.491,2
59.0499,2
59.6046,2
60.1755,2
60.753,2
61.3188,2
61.8827,2
62.4493,2
63.0024,2
63.5409,2
0.0316,20
0.6409,20
0.828,20
1.2091,20
1.754,20
2.2899,20
2.8467,20
3.538,20
4.3471,20
5.0957,20
5.806,20
6.4514,20
7.0565,20
7.6496,20
8.2487,20
8.9009,20
9.5943,20
9.7868,20
10.2922,20
10.9445,20
11.5635,20
12.1594,20
12.7655,20
13.457,20
14.1773,20
14.8835,20
15.5375,20
16.1581,20
16.758,20
17.3717,20
18.041,20
18.7648,20
19.5042,20
20.1767,20
20.8059,20
21.4139,20
22.0456,20
22.7373,20
23.4506,20
24.1292,20
24.7827,20
25.4195,20
26.1145,20
26.8707,20
27.5909,20
28.2672,20
28.9076,20
29.5468,20
30.2361,20
31.1159,20
31.9573,20
32.7478,20
33.4977,20
34.1838,20
34.8172,20
35.417,20
36.0108,20
36.6951,20
37.6715,20
38.5834,20
39.431,20
40.1374,20
40.786,20
41.4195,20
42.0876,20
42.8359,20
43.639,20
44.4215,20
45.1277,20
45.7916,20
46.4323,20
47.1021,20
47.8286,20
48.6303,20
49.3602,20
50.0389,20
50.6913,20
51.3765,20
52.1387,20
52.9007,20
53.6141,20
54.2898,20
54.9324,20
55.5774,20
56.2973,20
57.1234,20
57.9214,20
58.6392,20
59.3184,20
60.0131,20
0.2402,21
0.847,21
1.4397,21
2.0602,21
2.4849,21
2.5052,21
2.6054,21
2.7665,21
2.8666,21
3.7518,21
4.5362,21
5.2797,21
5.5406,21
5.9534,21
6.605,21
7.211,21
7.883,21
8.5287,21
9.189,21
9.909,21
10.6112,21
11.3558,21
12.1428,21
12.8411,21
13.5117,21
14.2196,21
14.873,21
15.5355,21
16.1622,21
16.8788,21
17.7483,21
18.5724,21
19.3125,21
20.0066,21
20.6886,21
21.3569,21
22.1706,21
22.9803,21
23.8531,21
24.749,21
25.6096,21
26.4505,21
27.1586,21
27.8082,21
28.4807,21
29.4544,21
30.2565,21
31.1435,21
31.9467,21
32.7744,21
34.6365,21
35.5992,21
36.2513,21
36.4634,21
37.3292,21
38.1404,21
38.7218,21
38.9417,21
39.7865,21
40.611,21
41.2926,21
42.0072,21
43.0329,21
44.0919,21
45.1113,21
46.1158,21
47.1521,21
48.0993,21
48.9504,21
49.805,21
50.5664,21
51.1379,21
51.3725,21
52.1831,21
53.0223,21
54.8506,21
56.7592,21
57.7796,21
58.7427,21
59.7111,21
0.3757,22
0.5502,22
0.8592,22
1.3766,22
1.9368,22
2.486,22
3.0371,22
3.6518,22
4.4082,22
5.0117,22
5.5961,22
6.1925,22
6.8096,22
7.4302,22
8.024,22
8.6279,22
9.2562,22
9.9332,22
10.5765,22
11.2082,22
11.8665,22
12.5778,22
13.254,22
13.8979,22
14.5686,22
15.2826,22
15.9332,22
16.5703,22
17.2445,22
17.9492,22
18.5968,22
19.2446,22
19.9489,22
20.664,22
21.3266,22
22.0207,22
22.7541,22
23.4419,22
24.1058,22
24.8059,22
25.5498,22
26.3136,22
27.0191,22
27.7381,22
28.5236,22
29.2884,22
29.9829,22
30.7289,22
31.5102,22
32.2094,22
32.9247,22
33.6949,22
34.416,22
35.1015,22
35.8255,22
36.6261,22
37.6079,22
38.527,22
39.3155,22
40.0751,22
40.8459,22
41.634,22
42.3488,22
43.0534,22
43.8051,22
44.5909,22
45.3142,22
46.0279,22
46.7727,22
47.5669,22
48.3347,22
49.055,22
49.8054,22
50.5934,22
51.4007,22
52.1486,22
52.9086,22
53.7016,22
54.5484,22
55.3379,22
56.0894,22
56.8559,22
57.6431,22
58.4723,22
59.2321,22
59.9654,22
0.4725,23
0.9642,23
1.4473,23
1.9363,23
2.4293,23
2.924,23
3.4092,23
3.8908,23
4.3679,23
4.8381,23
5.3087,23
5.7778,23
6.2489,23
6.7269,23
7.2019,23
7.6732,23
8.1393,23
8.6078,23
9.0795,23
9.5683,23
10.083,23
10.5993,23
11.1012,23
11.6013,23
12.1201,23
12.6437,23
13.1672,23
13.6783,23
14.1886,23
14.7044,23
15.2221,23
15.7258,23
16.2199,23
16.7078,23
17.1898,23
17.6708,23
18.1569,23
18.66,23
19.1701,23
19.6751,23
20.1666,23
20.6667,23
21.1714,23
21.6848,23
22.2019,23
22.7048,23
23.1995,23
23.6973,23
24.2075,23
24.7513,23
25.3194,23
25.9127,23
26.5132,23
27.1066,23
27.6866,23
28.2543,23
28.8131,23
29.3684,23
29.9176,23
30.4659,23
31.0123,23
31.5481,23
32.0682,23
32.5752,23
33.067,23
33.5532,23
34.0428,23
34.5344,23
35.037,23
35.5616,23
36.0903,23
36.6334,23
37.1788,23
37.7243,23
38.2585,23
38.7858,23
39.3116,23
39.8355,23
40.36,23
40.8855,23
41.4083,23
41.9634,23
42.6005,23
43.3808,23
44.1247,23
44.7515,23
45.3288,23
45.8708,23
46.3947,23
46.9104,23
47.4323,23
47.9639,23
48.4955,23
49.0363,23
49.5814,23
50.1421,23
50.7039,23
51.2617,23
51.8148,23
52.3828,23
52.9798,23
53.6309,23
54.312,23
54.9643,23
55.5756,23
56.158,23
56.7174,23
57.2599,23
57.7824,23
58.2952,23
58.8128,23
59.3462,23
59.8919,23
0.6693,24
1.3674,24
2.2234,24
3.1173,24
3.9184,24
4.7015,24
5.5886,24
6.4987,24
7.2899,24
8.0407,24
8.8987,24
9.7928,24
10.5655,24
11.3781,24
12.356,24
13.3023,24
14.2025,24
15.1606,24
16.116,24
16.972,24
17.8915,24
18.826,24
19.6542,24
20.5146,24
21.4423,24
22.3064,24
23.1178,24
24.0971,24
25.1051,24
26.0121,24
26.9776,24
27.9765,24
28.879,24
29.7949,24
30.7635,24
31.6801,24
32.5259,24
33.4956,24
34.473,24
35.3407,24
36.2871,24
37.2537,24
38.1257,24
39.0875,24
40.055,24
40.9426,24
41.9359,24
42.9364,24
43.8645,24
44.8895,24
45.9663,24
46.9754,24
47.8983,24
48.8954,24
49.8799,24
50.7796,24
51.7006,24
52.737,24
53.7321,24
54.695,24
55.7278,24
56.6599,24
57.5148,24
58.4804,24
59.4702,24
0.4417,25
0.8961,25
1.3496,25
1.8043,25
2.2601,25
2.7204,25
3.1866,25
3.6592,25
4.1366,25
4.6127,25
5.0861,25
5.5599,25
6.0377,25
6.5186,25
7.0151,25
7.528,25
8.0514,25
8.5751,25
9.0892,25
9.5876,25
10.0765,25
10.5606,25
11.0403,25
11.5203,25
12.0019,25
12.4933,25
13.0023,25
13.5333,25
14.0816,25
14.644,25
15.1962,25
15.7313,25
16.2487,25
16.755,25
17.2564,25
17.759,25
18.2587,25
18.7587,25
19.2681,25
19.7984,25
20.3252,25
20.8546,25
21.3876,25
21.9222,25
22.4494,25
22.9834,25
23.5253,25
24.0753,25
24.6219,25
25.1637,25
25.6963,25
26.2142,25
26.7176,25
27.2073,25
27.688,25
28.1628,25
28.6391,25
29.1246,25
29.6349,25
30.178,25
30.7412,25
31.3194,25
31.9015,25
32.4866,25
33.0629,25
33.6446,25
34.227,25
34.8117,25
35.4032,25
36.0124,25
36.6308,25
37.2546,25
37.8782,25
38.4872,25
39.0669,25
39.6189,25
40.1516,25
40.6716,25
41.1851,25
41.6977,25
42.2351,25
42.807,25
43.3999,25
44.004,25
44.6125,25
45.2232,25
45.8347,25
46.4473,25
47.0662,25
47.6963,25
48.3304,25
48.9691,25
49.5944,25
50.2009,25
50.785,25
51.3425,25
51.8811,25
52.4044,25
52.9178,25
53.4376,25
53.9977,25
54.6209,25
55.3006,25
55.969,25
56.621,25
57.2735,25
57.9222,25
58.5864,25
59.2632,25
59.949,25
60.6233,25
61.2787,25
61.91,25
62.5178,25
0.1668,26
0.7425,26
1.3228,26
1.9057,26
2.4805,26
3.0495,26
3.6221,26
4.2007,26
4.7817,26
5.358,26
5.9316,26
6.5114,26
7.1015,26
7.696,26
8.2864,26
8.8698,26
9.4376,26
10.028,26
10.6328,26
11.2423,26
11.8435,26
12.4231,26
12.9977,26
13.5831,26
14.1923,26
14.8119,26
15.2091,26
15.4343,26
16.033,26
16.6321,26
17.2497,26
17.8845,26
18.5172,26
19.1247,26
19.7151,26
20.3114,26
20.9367,26
21.6125,26
22.3149,26
23.0225,26
23.7103,26
24.3649,26
24.9997,26
25.651,26
26.3314,26
27.0294,26
27.6991,26
28.3445,26
28.993,26
29.6615,26
30.3471,26
31.0154,26
31.6596,26
32.3142,26
32.9894,26
33.6855,26
34.3897,26
35.055,26
35.7021,26
36.3468,26
37.0063,26
37.71,26
38.44,26
39.1667,26
39.8675,26
40.5737,26
41.2993,26
42.0368,26
42.7398,26
43.4156,26
44.1053,26
44.811,26
45.5256,26
46.2191,26
46.8899,26
47.5717,26
48.2812,26
49.0083,26
49.7252,26
50.4053,26
51.0817,26
51.7766,26
52.5076,26
53.2159,26
53.9001,26
54.5854,26
55.2947,26
56.0301,26
56.7452,26
57.4651,26
58.1985,26
58.938,26
59.6421,26
0.4412,27
0.9469,27
1.4455,27
1.9396,27
2.4281,27
2.921,27
3.3297,27
4.0481,27
4.4874,27
5.4354,27
5.8329,27
6.634,27
7.0313,27
7.8741,27
8.2961,27
9.1564,27
9.5653,27
10.3311,27
10.7332,27
11.571,27
11.9806,27
12.7571,27
13.4467,27
14.1121,27
14.7673,27
15.4202,27
15.7983,27
16.8073,27
17.5648,27
18.2483,27
18.8748,27
19.4742,27
19.85,27
20.5886,27
21.1433,27
21.6547,27
22.1749,27
22.5356,27
23.5299,27
24.6658,27
25.2265,27
26.4448,27
27.244,27
27.9241,27
28.5516,27
29.1748,27
29.712,27
30.437,27
31.7436,27
33.0224,27
34.1801,27
35.1027,27
35.8918,27
36.6314,27
37.3729,27
38.1759,27
39.6348,27
40.706,27
41.5464,27
42.2686,27
42.9313,27
43.5634,27
44.2615,27
45.672,27
46.9027,27
47.9049,27
48.7731,27
49.5457,27
50.2849,27
51.0375,27
51.8381,27
52.6603,27
53.5132,27
54.326,27
55.1482,27
56.0253,27
56.929,27
57.8561,27
58.7826,27
59.6736,27
0.072,28
0.4683,28
0.8644,28
1.2547,28
1.6553,28
2.0577,28
2.463,28
2.8677,28
3.2725,28
3.6739,28
4.5071,28
4.9288,28
5.3452,28
5.7752,28
6.2115,28
6.6481,28
7.0792,28
7.5305,28
7.9844,28
8.4366,28
8.8795,28
9.3226,28
9.7681,28
10.2087,28
10.6541,28
11.1023,28
11.5519,28
12.0004,28
12.4672,28
12.9517,28
13.4439,28
13.9302,28
14.4361,28
14.9562,28
15.4806,28
15.9929,28
16.524,28
17.0709,28
17.6103,28
18.1456,28
18.703,28
19.2728,28
19.8233,28
20.3882,28
20.9724,28
21.5579,28
22.1315,28
22.7239,28
23.3146,28
23.9087,28
24.4849,28
25.0557,28
25.6397,28
26.2509,28
26.8432,28
27.4405,28
28.0667,28
28.702,28
29.3031,28
29.9256,28
30.5835,28
31.2364,28
31.8689,28
32.523,28
33.2049,28
33.8566,28
34.4832,28
35.1292,28
35.7873,28
36.4247,28
37.0435,28
37.7018,28
38.4001,28
39.0412,28
39.6818,28
40.3189,28
40.948,28
41.5909,28
42.2241,28
42.8412,28
43.4938,28
44.169,28
44.8421,28
45.4805,28
46.1377,28
46.8083,28
47.4812,28
48.1255,28
48.7913,28
49.4123,28
50.0255,28
50.6633,28
51.2922,28
51.9479,28
52.6407,28
53.3915,28
54.0733,28
54.7591,28
55.4842,28
56.2564,28
56.937,28
57.6567,28
58.3646,28
59.0656,28
59.7633,28
0.4005,29
0.9477,29
2.5217,29
3.0644,29
3.6355,29
4.3386,29
4.6941,29
5.2,29
5.7127,29
6.2354,29
6.8775,29
7.5572,29
8.1634,29
8.7297,29
9.2916,29
10.492,29
11.0855,29
12.8797,29
13.4719,29
14.0492,29
15.2646,29
15.9144,29
16.0973,29
16.5807,29
17.161,29
17.3297,29
17.8052,29
17.8758,29
18.417,29
18.5239,29
19.0034,29
19.5547,29
20.1401,29
20.8664,29
21.8241,29
22.6999,29
23.4859,29
23.6617,29
24.2166,29
24.8761,29
25.4537,29
26.0037,29
26.5778,29
27.3193,29
28.2477,29
29.1697,29
30.0693,29
30.9586,29
31.8252,29
32.6195,29
33.3768,29
34.124,29
34.8906,29
35.6263,29
36.3279,29
36.9692,29
37.6257,29
38.4505,29
39.2768,29
40.0532,29
40.8337,29
41.62,29
42.4422,29
43.3022,29
44.1712,29
45.0464,29
45.8842,29
46.6762,29
46.8707,29
47.6184,29
48.1727,29
48.3695,29
48.8895,29
49.5455,29
50.139,29
50.7262,29
51.3519,29
52.4118,29
53.3337,29
54.2683,29
55.2083,29
56.1185,29
56.9048,29
57.6215,29
58.3475,29
59.1086,29
59.9668,29
60.7661,29
61.5059,29
62.2208,29
62.9711,29
63.7316,29
64.5676,29
65.5488,29
66.5322,29
0.1133,3
0.8336,3
1.973,3
2.3406,3
2.7155,3
3.0878,3
3.4609,3
3.8334,3
4.209,3
4.5919,3
4.9747,3
5.3546,3
5.7357,3
6.1142,3
6.4963,3
6.8882,3
7.2796,3
7.6674,3
8.0515,3
8.4513,3
8.8483,3
9.2402,3
9.6325,3
10.0205,3
10.4148,3
10.8169,3
11.2069,3
11.6041,3
11.9971,3
12.3982,3
12.8048,3
13.2036,3
13.6034,3
14.0118,3
14.4255,3
14.8284,3
15.2433,3
15.6626,3
16.0832,3
16.4972,3
16.9032,3
17.3222,3
17.7347,3
18.143,3
18.5488,3
18.9665,3
19.3844,3
19.7982,3
20.2163,3
20.6452,3
21.0607,3
21.4788,3
21.9034,3
22.3356,3
22.7593,3
23.1798,3
23.6241,3
24.0598,3
24.4921,3
24.928,3
25.3626,3
25.7857,3
26.2099,3
26.627,3
27.0435,3
27.4576,3
27.8764,3
28.2978,3
28.7205,3
29.148,3
29.5763,3
30.0059,3
30.4271,3
30.8445,3
31.2608,3
31.6929,3
32.1707,3
32.6757,3
33.1929,3
33.741,3
34.5842,3
35.2778,3
35.9556,3
36.6288,3
37.2955,3
37.8827,3
38.4014,3
38.8948,3
39.369,3
39.8472,3
40.3214,3
40.7935,3
41.2482,3
41.691,3
42.1313,3
42.5767,3
43.1945,3
43.8796,3
44.3952,3
44.8935,3
45.3825,3
45.8669,3
46.3775,3
46.8859,3
47.4215,3
47.9507,3
48.4795,3
48.9839,3
49.4774,3
49.9565,3
50.4255,3
50.8851,3
51.3341,3
51.7691,3
52.1965,3
52.6377,3
53.0759,3
53.5056,3
53.934,3
54.3659,3
54.8416,3
55.4262,3
55.9566,3
56.443,3
56.9312,3
57.4201,3
57.9347,3
58.789,3
59.5365,3
60.2436,3
0.1921,30
0.9114,30
1.6151,30
2.2927,30
2.9683,30
3.6823,30
4.622,30
5.5533,30
6.4501,30
7.3007,30
8.0982,30
8.8473,30
9.5845,30
10.38,30
11.2915,30
12.1798,30
13.0629,30
13.9375,30
14.751,30
15.5069,30
16.2446,30
17.0375,30
18.0291,30
18.9924,30
19.9423,30
20.8109,30
21.5816,30
22.3683,30
23.3001,30
24.2702,30
25.2628,30
26.2287,30
27.1427,30
28.0499,30
28.9494,30
29.8234,30
30.6684,30
31.5256,30
32.501,30
33.4383,30
34.3662,30
35.2725,30
36.1069,30
36.8966,30
37.7101,30
38.5002,30
39.3029,30
40.1204,30
41.1099,30
42.1527,30
43.1585,30
44.0916,30
44.9453,30
45.7371,30
46.5445,30
47.4954,30
48.5581,30
49.6,30
50.5943,30
51.5333,30
52.3808,30
53.1667,30
53.9405,30
54.8591,30
55.7987,30
56.6177,30
57.5223,30
58.5047,30
59.4969,30
0.2217,31
1.4348,31
1.8519,31
2.2836,31
2.7252,31
3.1718,31
3.6217,31
4.0661,31
4.5029,31
4.9319,31
6.6977,31
7.2072,31
7.7209,31
8.2275,31
8.7238,31
9.1961,31
9.6542,31
10.1182,31
10.5928,31
11.0754,31
11.541,31
12.0,31
12.4778,31
12.9828,31
13.5131,31
14.0239,31
16.0573,31
16.6757,31
17.2611,31
17.832,31
18.3824,31
18.9128,31
19.4192,31
19.9168,31
20.4317,31
20.9695,31
21.5116,31
22.0358,31
22.5322,31
23.0512,31
23.6162,31
24.2037,31
24.7877,31
25.3599,31
25.9206,31
26.4577,31
26.9643,31
29.3337,31
30.0928,31
30.8173,31
31.51,31
32.0914,31
32.749,31
33.4652,31
34.2499,31
34.9994,31
35.6906,31
36.3369,31
36.957,31
37.5124,31
38.0303,31
38.5362,31
39.0755,31
40.2341,31
41.2305,31
42.0233,31
42.7475,31
43.3841,31
45.4165,31
46.186,31
46.925,31
47.6494,31
48.3496,31
49.0485,31
49.7175,31
50.2877,31
50.8174,31
51.3345,31
53.3264,31
54.0895,31
54.8066,31
55.492,31
56.1649,31
56.7141,31
57.2483,31
57.8296,31
58.5057,31
59.2045,31
59.857,31
60.4824,31
61.0959,31
61.2934,31
61.6927,31
61.8885,31
62.2862,31
62.484,31
62.8666,31
0.2187,32
0.6213,32
1.0283,32
1.4371,32
1.8491,32
2.259,32
2.6728,32
3.0814,32
3.4939,32
3.9094,32
4.322,32
4.7318,32
5.1424,32
5.5542,32
5.9733,32
6.3921,32
6.8085,32
7.2256,32
7.6436,32
8.0676,32
8.4958,32
8.9217,32
9.3455,32
9.7699,32
10.1957,32
10.6307,32
11.067,32
11.4961,32
11.9257,32
12.3588,32
12.7973,32
13.2374,32
13.6705,32
14.1029,32
14.5422,32
14.987,32
15.4339,32
15.8744,32
16.315,32
16.7534,32
17.1975,32
17.6442,32
18.0865,32
18.5285,32
18.9767,32
19.432,32
19.8811,32
20.3295,32
20.7766,32
21.2275,32
21.6822,32
22.1302,32
22.5774,32
23.0293,32
23.4874,32
23.9387,32
24.3925,32
24.8478,32
25.3148,32
25.7875,32
26.2535,32
26.7143,32
27.18,32
27.6489,32
28.1228,32
28.5897,32
29.0499,32
29.5071,32
29.9669,32
30.4337,32
30.8995,32
31.3556,32
31.8082,32
32.2659,32
32.735,32
33.2186,32
33.6966,32
34.1618,32
34.6228,32
35.0907,32
35.5662,32
36.0279,32
36.4892,32
36.9546,32
37.4283,32
37.9074,32
38.376,32
38.8412,32
39.3085,32
39.7864,32
40.2705,32
40.7462,32
41.2174,32
41.6967,32
42.1891,32
42.6922,32
43.1842,32
43.6688,32
44.1603,32
44.6544,32
45.1418,32
45.6216,32
46.0974,32
46.5789,32
47.0664,32
47.5569,32
48.0369,32
48.5167,32
49.006,32
49.5088,32
49.9956,32
50.483,32
50.9816,32
51.5083,32
52.0561,32
52.5713,32
53.0756,32
53.5867,32
54.1089,32
54.6309,32
55.1321,32
55.6256,32
56.1266,32
56.639,32
57.1495,32
57.6483,32
58.144,32
58.6425,32
59.1529,32
59.6579,32
60.1593,32
0.2327,33
0.4797,33
1.0753,33
1.8252,33
2.5684,33
3.388,33
4.634,33
5.7116,33
6.6275,33
7.4509,33
8.2177,33
9.0265,33
9.9034,33
10.668,33
11.2507,33
11.4156,33
12.2089,33
12.4374,33
13.1594,33
14.0055,33
14.8618,33
15.7826,33
16.8232,33
17.694,33
18.5328,33
19.5772,33
20.5862,33
21.5696,33
22.8699,33
24.0599,33
25.0968,33
25.8995,33
26.6761,33
27.5133,33
28.5612,33
30.0479,33
31.4066,33
32.6516,33
33.7883,33
34.7725,33
35.7133,33
36.7589,33
37.6146,33
38.4207,33
39.202,33
40.0111,33
41.3783,33
42.7385,33
44.1335,33
45.4468,33
46.7312,33
47.8849,33
48.9896,33
49.8223,33
50.6283,33
51.4396,33
52.3154,33
53.4162,33
54.873,33
56.2506,33
57.5472,33
58.722,33
59.7592,33
60.7102,33
61.6854,33
0.3911,34
1.129,34
1.5865,34
2.0494,34
3.9165,34
4.3994,34
5.8621,34
10.9325,34
12.9599,34
13.4922,34
14.0487,34
14.6238,34
15.1757,34
15.7198,34
16.2805,34
16.8527,34
17.4251,34
17.9695,34
18.5076,34
19.0558,34
19.2354,34
19.6082,34
20.1642,34
20.705,34
21.2453,34
21.7982,34
22.3759,34
22.9784,34
23.5635,34
23.7538,34
24.1436,34
24.7446,34
25.3587,34
25.5374,34
25.9556,34
26.5264,34
27.1029,34
27.2811,34
27.6958,34
28.277,34
28.8438,34
29.4413,34
29.6258,34
30.0424,34
30.6319,34
31.2048,34
31.7988,34
32.3977,34
33.0142,34
33.1974,34
33.6345,34
33.8135,34
34.4301,34
34.8139,34
35.0004,34
35.3835,34
35.9701,34
36.5768,34
36.7598,34
37.206,34
37.3939,34
37.8032,34
38.391,34
39.0026,34
39.2,34
39.6323,34
39.8135,34
40.2647,34
40.4566,34
40.8612,34
41.4526,34
42.0696,34
42.7124,34
43.3419,34
43.531,34
43.9373,34
44.519,34
45.1192,34
45.7735,34
46.4817,34
47.2476,34
47.9374,34
48.1373,34
48.5762,34
49.1965,34
49.8234,34
50.4979,34
51.2012,34
51.9322,34
52.1282,34
52.5911,34
53.2509,34
53.9257,34
54.6281,34
55.3275,34
56.026,34
56.2236,34
56.8763,34
57.2968,34
57.8989,34
58.5084,34
59.132,34
59.7902,34
0.2676,35
0.8035,35
1.3485,35
1.9031,35
2.4827,35
3.0685,35
3.6555,35
4.249,35
4.8543,35
5.4592,35
6.0585,35
6.6477,35
7.2226,35
7.7881,35
8.365,35
8.9441,35
9.0213,35
9.6807,35
10.3398,35
11.0439,35
11.717,35
12.3772,35
13.0471,35
13.7146,35
14.374,35
15.0503,35
15.7451,35
16.4367,35
17.1268,35
17.8478,35
18.5634,35
19.2631,35
19.9531,35
20.713,35
21.4907,35
22.2697,35
23.001,35
23.69,35
24.3655,35
25.0415,35
25.7498,35
26.5152,35
27.3026,35
28.1107,35
28.9589,35
29.2549,35
29.7694,35
30.5517,35
31.2879,35
32.0173,35
32.8149,35
33.603,35
34.3436,35
35.1298,35
35.959,35
36.7263,35
37.5099,35
38.2962,35
39.1751,35
40.0395,35
40.9107,35
41.7966,35
42.6617,35
43.4765,35
44.2567,35
45.0416,35
45.8034,35
46.2319,35
46.5743,35
46.892,35
47.3675,35
48.1161,35
48.4469,35
48.8686,35
49.6366,35
50.4442,35
51.2797,35
52.114,35
52.9856,35
53.9005,35
54.7941,35
55.6888,35
56.6162,35
57.5375,35
58.3909,35
59.1757,35
59.2533,35
59.5828,35
60.038,35
0.0024,36
0.5448,36
1.5121,36
1.772,36
2.3889,36
2.5546,36
2.9617,36
4.1019,36
4.7147,36
5.3505,36
5.9343,36
6.4806,36
7.0655,36
7.7093,36
8.335,36
8.9862,36
9.6512,36
10.3189,36
10.4848,36
10.9585,36
11.5282,36
11.6972,36
12.0823,36
12.2464,36
12.6892,36
13.3135,36
13.933,36
14.6336,36
15.416,36
16.1497,36
16.8784,36
17.662,36
18.3988,36
19.0734,36
19.2511,36
19.7244,36
19.9026,36
20.3634,36
20.5381,36
21.0746,36
21.7693,36
22.4308,36
23.1277,36
23.3057,36
23.8753,36
24.5719,36
25.2631,36
26.0062,36
26.1879,36
26.7706,36
27.4877,36
27.6716,36
28.191,36
28.3769,36
28.9514,36
29.1274,36
29.6843,36
30.3889,36
30.5748,36
31.1478,36
31.3349,36
31.9509,36
32.7055,36
32.8927,36
33.4632,36
33.6499,36
34.2384,36
34.9608,36
35.1491,36
35.7397,36
35.9279,36
36.5185,36
37.2406,36
37.4304,36
38.0114,36
38.1989,36
38.7924,36
39.5208,36
39.7093,36
40.2892,36
40.4779,36
41.0355,36
41.7494,36
41.9453,36
42.5052,36
42.6947,36
43.2432,36
43.4367,36
43.9656,36
44.644,36
44.8339,36
45.3507,36
45.538,36
46.1136,36
46.8437,36
47.0338,36
47.586,36
47.7802,36
48.342,36
48.5353,36
49.0927,36
49.2836,36
49.7961,36
50.4899,36
50.6877,36
51.2597,36
51.4578,36
52.052,36
52.7961,36
52.9943,36
53.5385,36
53.7351,36
54.323,36
54.5219,36
55.0656,36
55.2634,36
55.8149,36
56.0151,36
56.6242,36
57.3864,36
58.1442,36
58.3355,36
58.9487,36
59.1446,36
59.7742,36
1.0031,37
1.3821,37
1.5309,37
1.7592,37
2.5207,37
2.903,37
4.431,37
4.5877,37
4.811,37
5.5705,37
5.7084,37
6.7077,37
6.8555,37
7.0854,37
7.4591,37
9.728,37
10.1066,37
10.4867,37
10.6392,37
10.863,37
12.1458,37
13.14,37
13.2945,37
13.5195,37
14.434,37
14.8053,37
15.4308,37
15.583,37
15.8155,37
16.1979,37
16.583,37
17.502,37
17.7406,37
18.6574,37
18.8968,37
19.0479,37
19.2844,37
19.4455,37
19.8322,37
20.0525,37
20.4392,37
21.212,37
22.397,37
23.238,37
24.5921,37
25.0444,37
25.4936,37
25.9391,37
26.3789,37
26.8198,37
26.9771,37
27.2512,37
27.6735,37
27.8288,37
28.0961,37
28.5152,37
28.6652,37
28.9319,37
29.092,37
29.3487,37
29.4802,37
29.7648,37
29.9154,37
30.18,37
30.5919,37
30.9979,37
31.4002,37
31.8049,37
32.2076,37
33.4626,37
33.9353,37
34.426,37
34.9164,37
35.3982,37
35.8824,37
36.3601,37
36.8319,37
37.3156,37
37.798,37
38.2817,37
38.7706,37
39.268,37
39.7621,37
40.2546,37
40.4101,37
40.7401,37
40.8869,37
41.2156,37
41.6711,37
41.8129,37
42.9807,37
43.4039,37
43.8221,37
45.984,37
46.9128,37
47.3706,37
47.8352,37
48.326,37
48.8432,37
49.3468,37
49.8592,37
50.375,37
50.878,37
51.3619,37
51.8454,37
52.329,37
52.7947,37
52.9448,37
53.2443,37
53.6818,37
54.1155,37
55.1292,37
55.3933,37
55.8139,37
55.9658,37
56.2367,37
56.6608,37
57.1076,37
57.6021,37
58.6471,37
59.2124,37
59.7589,37
60.3216,37
60.9118,37
61.507,37
62.0646,37
62.6394,37
0.3999,38
0.8239,38
1.8238,38
2.0895,38
2.9375,38
3.7863,38
4.6412,38
5.4944,38
5.9386,38
6.3763,38
7.2316,38
7.6771,38
8.543,38
8.9696,38
9.4089,38
10.007,38
10.284,38
10.7157,38
11.1558,38
11.5973,38
12.2013,38
12.4664,38
12.9114,38
13.3619,38
14.2372,38
14.6896,38
15.1294,38
15.5646,38
16.011,38
16.4588,38
18.2585,38
18.4284,38
18.7236,38
19.1752,38
19.6149,38
20.0675,38
20.9724,38
21.4222,38
21.9036,38
22.8471,38
23.3208,38
23.8297,38
24.3257,38
24.7988,38
25.2913,38
25.8037,38
26.2952,38
26.7694,38
27.2675,38
27.7678,38
28.2535,38
28.4203,38
29.209,38
29.3714,38
29.7098,38
30.1964,38
30.6672,38
31.1411,38
31.6372,38
32.1199,38
32.5821,38
33.0303,38
33.486,38
33.9722,38
34.4641,38
34.9369,38
35.8881,38
36.3861,38
36.8687,38
37.3444,38
37.8301,38
38.3435,38
38.8463,38
39.3383,38
39.8512,38
40.4027,38
40.9334,38
41.4312,38
41.9344,38
42.4891,38
43.0202,38
43.5196,38
44.0218,38
44.5645,38
45.0849,38
45.5822,38
46.0855,38
46.6349,38
47.1653,38
47.6641,38
48.1699,38
48.715,38
49.263,38
49.7662,38
50.2703,38
50.815,38
51.3571,38
51.8631,38
52.3689,38
52.915,38
53.4804,38
54.0077,38
54.5203,38
55.0669,38
55.6377,38
56.1731,38
56.6874,38
57.2202,38
57.7892,38
58.3316,38
58.849,38
59.3731,38
59.925,38
3.4828,39
3.9107,39
4.3463,39
6.5319,39
8.7135,39
9.1515,39
12.7581,39
15.0795,39
15.5447,39
16.0244,39
17.4636,39
17.9423,39
18.4536,39
18.9668,39
20.9509,39
21.4289,39
21.8958,39
22.0492,39
22.3591,39
23.2913,39
23.7605,39
24.249,39
24.7625,39
25.7552,39
26.2572,39
26.7745,39
27.289,39
27.8013,39
28.3184,39
28.9007,39
29.5597,39
30.1911,39
31.8766,39
32.797,39
33.6237,39
33.7929,39
34.3716,39
34.5395,39
35.076,39
35.2394,39
35.7611,39
35.9266,39
36.3921,39
36.9475,39
37.4852,39
43.211,39
44.0777,39
44.9071,39
45.087,39
45.7276,39
45.9047,39
46.5902,39
46.7655,39
47.5083,39
47.6859,39
48.3506,39
48.5318,39
49.165,39
49.9238,39
50.6563,39
55.5732,39
56.4308,39
57.2798,39
57.4661,39
58.1263,39
58.3107,39
58.9814,39
59.1624,39
59.8374,39
60.0241,39
60.6778,39
60.8638,39
61.4454,39
62.1172,39
62.3,39
62.701,39
63.3602,39
64.0242,39
64.2039,39
64.7447,39
65.6472,39
66.5353,39
67.2728,39
67.9129,39
68.5381,39
69.1628,39
69.8513,39
0.3381,4
1.0002,4
1.6793,4
2.3937,4
3.1509,4
3.8715,4
4.5701,4
5.3181,4
6.1024,4
6.8916,4
7.6423,4
8.4323,4
9.2643,4
10.1157,4
10.8819,4
11.6611,4
12.4474,4
13.2763,4
14.1044,4
14.885,4
15.6886,4
16.5489,4
17.3933,4
18.2129,4
19.0576,4
19.8994,4
20.6778,4
21.4249,4
22.2135,4
23.0252,4
23.948,4
24.869,4
25.7249,4
26.6074,4
27.543,4
28.5104,4
29.3732,4
30.306,4
31.2349,4
32.1485,4
32.9669,4
33.8561,4
34.8699,4
35.8258,4
36.7786,4
37.6128,4
38.4337,4
39.3003,4
40.2621,4
41.2774,4
42.2735,4
43.2193,4
44.1195,4
44.9371,4
45.7172,4
46.5763,4
47.5057,4
48.4416,4
49.4597,4
50.5297,4
51.5274,4
52.5041,4
53.4754,4
54.4464,4
55.3843,4
56.2661,4
57.0948,4
57.9521,4
58.9218,4
59.9902,4
0.3047,40
0.4954,40
0.9434,40
1.5155,40
2.0461,40
2.5697,40
3.1107,40
3.7095,40
4.3537,40
4.9869,40
5.1787,40
5.6273,40
6.249,40
6.4333,40
6.8358,40
7.3892,40
7.9302,40
8.4728,40
9.1069,40
9.9266,40
10.6179,40
11.2975,40
11.4948,40
11.9408,40
12.5344,40
12.725,40
13.104,40
13.7261,40
14.5615,40
15.2409,40
15.9221,40
16.5424,40
17.1304,40
17.7017,40
17.8917,40
18.3002,40
18.9219,40
19.1367,40
19.5592,40
19.7334,40
20.1583,40
20.7405,40
21.3078,40
21.4947,40
21.903,40
22.4891,40
22.6723,40
23.0617,40
23.2495,40
23.6112,40
24.1698,40
24.3648,40
24.7492,40
25.353,40
25.9512,40
26.5334,40
26.7358,40
27.1788,40
27.928,40
28.6702,40
29.2746,40
29.8573,40
30.4576,40
31.064,40
31.2548,40
31.6878,40
32.2896,40
32.9343,40
33.6582,40
34.5347,40
35.2117,40
35.8739,40
36.5038,40
37.252,40
37.9973,40
38.208,40
38.7866,40
39.5974,40
40.3317,40
41.0113,40
41.7093,40
42.4189,40
42.6331,40
43.0429,40
43.1547,40
43.8511,40
44.5306,40
45.1065,40
45.2263,40
45.9447,40
46.737,40
47.4901,40
48.2045,40
48.9401,40
49.1523,40
49.7089,40
50.4919,40
51.215,40
51.4048,40
52.0062,40
52.7915,40
53.0034,40
53.6024,40
54.3274,40
55.0443,40
55.2554,40
55.7761,40
56.4968,40
57.2058,40
57.879,40
58.5574,40
58.7612,40
59.2744,40
60.0326,40
60.2517,40
0.351,41
0.811,41
1.2675,41
1.7153,41
2.1603,41
2.5993,41
3.0381,41
3.9363,41
4.3978,41
4.8641,41
5.782,41
6.2422,41
6.7105,41
7.1804,41
8.1174,41
8.5978,41
9.0929,41
9.5874,41
10.0715,41
10.5584,41
11.0479,41
11.5505,41
12.0571,41
12.5499,41
13.0345,41
13.5218,41
14.0134,41
14.517,41
15.024,41
15.5215,41
16.0069,41
16.5017,41
17.0052,41
17.523,41
18.0302,41
18.5254,41
19.022,41
19.5339,41
20.0394,41
20.5354,41
21.0298,41
21.5317,41
22.0466,41
22.5453,41
23.0319,41
23.5219,41
24.0216,41
24.5254,41
25.0218,41
25.5104,41
26.008,41
26.5095,41
26.9948,41
27.4648,41
27.9326,41
28.7556,41
30.3285,41
31.0419,41
32.4518,41
33.0905,41
33.604,41
34.1076,41
34.6077,41
35.1103,41
35.616,41
36.1381,41
36.6553,41
37.1616,41
37.6572,41
38.6498,41
39.1599,41
40.2341,41
43.453,41
44.189,41
44.914,41
45.5228,41
46.0524,41
46.583,41
47.1031,41
47.6252,41
48.144,41
48.6602,41
49.181,41
49.6948,41
50.1976,41
50.6998,41
51.2045,41
51.7165,41
52.2501,41
52.8196,41
53.4152,41
54.0349,41
54.6357,41
55.3,41
56.1185,41
56.774,41
57.3411,41
57.872,41
58.383,41
58.8807,41
59.3788,41
59.8712,41
60.37,41
60.863,41
61.3517,41
61.8381,41
62.3313,41
62.8304,41
63.3469,41
63.903,41
64.8274,41
66.3682,41
67.1114,41
67.8082,41
68.4077,41
68.9457,41
69.4819,41
70.0058,41
70.5294,41
71.0522,41
71.5667,41
72.0737,41
72.5693,41
73.0559,41
0.1768,42
0.7787,42
1.3877,42
2.5516,42
3.1382,42
3.7431,42
4.3396,42
4.9133,42
5.4972,42
6.0984,42
6.715,42
7.298,42
7.8796,42
8.4902,42
9.3027,42
9.7588,42
10.3754,42
11.0147,42
11.6768,42
12.2873,42
12.9103,42
13.5538,42
13.7305,42
14.2264,42
14.8565,42
15.4754,42
16.1306,42
16.8091,42
17.4574,42
18.1056,42
18.7848,42
19.4673,42
20.1182,42
20.816,42
21.5563,42
22.2421,42
22.8868,42
23.5673,42
24.2857,42
24.9482,42
25.5757,42
26.2518,42
26.9649,42
27.1569,42
27.7243,42
28.4777,42
29.2092,42
29.9009,42
30.5415,42
31.169,42
31.7684,42
32.3713,42
32.9877,42
33.6934,42
34.5197,42
35.3594,42
36.2081,42
37.0445,42
37.8453,42
38.6098,42
39.3362,42
40.0235,42
40.6737,42
41.2977,42
41.4993,42
41.9093,42
42.4907,42
43.0547,42
43.6126,42
44.195,42
44.9195,42
45.7651,42
46.6114,42
47.4507,42
48.297,42
49.1305,42
49.93,42
50.6809,42
51.3789,42
52.0452,42
52.2635,42
52.6935,42
53.9698,42
54.573,42
54.7816,42
55.156,42
55.7475,42
56.3919,42
57.1139,42
57.886,42
58.7209,42
59.6101,42
60.5067,42
61.3712,42
62.1631,42
0.5082,43
0.9452,43
1.5315,43
2.6888,43
2.844,43
3.988,43
5.322,43
6.6521,43
7.083,43
8.3723,43
8.8222,43
10.2554,43
10.789,43
11.3316,43
11.8263,43
12.002,43
12.3615,43
12.8482,43
13.8288,43
13.9905,43
15.2767,43
15.757,43
17.1496,43
17.5974,43
18.5087,43
18.9847,43
19.4751,43
19.6336,43
19.9785,43
20.1519,43
21.0956,43
21.4303,43
21.9487,43
22.4694,43
22.6164,43
24.0013,43
24.182,43
24.5155,43
25.0318,43
25.5547,43
26.0683,43
26.5894,43
26.7564,43
27.12,43
27.6334,43
28.1374,43
30.1006,43
30.6214,43
31.1498,43
33.1577,43
33.3275,43
33.6619,43
33.8359,43
34.1797,43
34.7013,43
35.2211,43
35.7535,43
36.2839,43
37.3112,43
37.8115,43
38.3029,43
38.7846,43
39.7343,43
40.2096,43
40.6965,43
40.8644,43
41.2029,43
41.7321,43
41.9114,43
42.254,43
43.2686,43
43.4445,43
44.33,43
45.0267,43
45.4017,43
46.0752,43
47.3451,43
47.5197,43
47.8202,43
48.3105,43
49.3784,43
49.9285,43
50.104,43
50.5139,43
51.0839,43
51.6961,43
51.8829,43
52.368,43
52.9849,43
53.1852,43
53.6545,43
54.3112,43
54.9412,43
55.5365,43
55.7233,43
56.1074,43
56.6606,43
57.195,43
57.7103,43
58.2105,43
58.7152,43
59.2284,43
59.8311,43
60.4713,43
0.0243,44
0.4985,44
0.96,44
1.4184,44
1.9139,44
2.9808,44
3.9242,44
4.1016,44
4.685,44
5.2929,44
5.8197,44
6.3056,44
6.8171,44
7.4574,44
8.3255,44
9.0872,44
9.7194,44
10.3004,44
10.8628,44
11.4237,44
11.984,44
13.1671,44
14.1657,44
14.9457,44
15.5435,44
16.075,44
16.6204,44
17.2255,44
18.2522,44
18.97,44
19.5348,44
20.0921,44
21.2374,44
22.1389,44
22.9072,44
23.5928,44
24.7907,44
25.9029,44
26.8901,44
27.6622,44
28.2609,44
28.8215,44
29.9961,44
31.0068,44
31.8188,44
32.472,44
33.0729,44
34.2004,44
35.1164,44
35.9633,44
36.7875,44
37.531,44
37.7355,44
38.2235,44
38.8717,44
39.4898,44
40.6945,44
41.6909,44
42.6617,44
43.4971,44
44.1883,44
44.7931,44
45.3982,44
46.5277,44
47.6014,44
48.5904,44
49.3897,44
50.0401,44
50.2323,44
50.658,44
50.8403,44
51.5118,44
51.8193,44
52.0459,44
52.6597,44
53.3182,44
53.8997,44
54.1162,44
54.4971,44
55.1742,44
56.41,44
57.4356,44
58.4927,44
0.4861,45
1.1787,45
1.8516,45
2.4853,45
3.1189,45
3.77,45
4.4443,45
5.0849,45
5.6938,45
6.323,45
6.9959,45
7.6304,45
8.2909,45
8.4886,45
8.991,45
9.6554,45
10.2794,45
10.9528,45
11.6652,45
12.3937,45
13.0532,45
13.715,45
14.3892,45
15.0741,45
15.7262,45
16.3484,45
16.9842,45
17.6692,45
18.33,45
18.9382,45
19.5333,45
20.1959,45
20.91,45
21.6664,45
22.4347,45
23.0759,45
23.2009,45
23.8805,45
24.4966,45
25.118,45
25.8555,45
26.6639,45
27.5165,45
28.3737,45
29.2001,45
29.4087,45
29.99,45
30.1884,45
30.7246,45
30.92,45
31.4165,45
32.0675,45
32.6654,45
33.2414,45
33.8829,45
34.792,45
35.7083,45
36.6509,45
38.6022,45
39.5516,45
40.452,45
43.1362,45
43.6904,45
43.9106,45
44.4501,45
45.1314,45
45.787,45
46.4776,45
47.2736,45
48.1538,45
49.0751,45
50.0111,45
50.9551,45
51.8621,45
52.7556,45
53.6155,45
53.8337,45
54.43,45
55.2128,45
55.4255,45
55.9779,45
56.191,45
57.971,45
58.7059,45
59.5816,45
60.5282,45
61.4727,45
0.3901,46
0.8704,46
1.3985,46
2.2495,46
2.8664,46
3.3986,46
3.9543,46
4.6751,46
5.3624,46
5.9451,46
6.4632,46
7.0534,46
7.9931,46
8.7967,46
9.4706,46
10.0638,46
10.5769,46
11.1008,46
12.8277,46
13.5604,46
14.2234,46
14.837,46
15.4149,46
16.3653,46
17.2081,46
17.8554,46
18.4295,46
19.0383,46
20.0713,46
20.9023,46
21.5849,46
22.373,46
23.2806,46
24.0532,46
24.7573,46
25.5637,46
26.2968,46
26.936,46
27.6035,46
28.4113,46
29.2002,46
29.8943,46
30.6371,46
31.4178,46
32.2184,46
32.9129,46
33.5801,46
34.3131,46
35.1167,46
35.9149,46
36.6901,46
37.3486,46
37.9462,46
38.5396,46
39.5802,46
40.5238,46
41.3347,46
42.0237,46
42.6837,46
43.3605,46
44.434,46
45.386,46
46.1835,46
46.8628,46
47.46,46
48.0654,46
49.1142,46
50.1153,46
50.9861,46
51.7177,46
52.3541,46
53.0771,46
54.1427,46
55.0873,46
55.9168,46
56.6383,46
57.3537,46
58.2633,46
59.3398,46
0.3022,47
0.8105,47
1.3136,47
1.809,47
2.2983,47
2.7931,47
3.3029,47
3.834,47
4.3826,47
4.94,47
5.4819,47
5.9905,47
6.4869,47
6.9745,47
7.4621,47
7.9508,47
8.4334,47
8.9235,47
9.4322,47
9.9635,47
10.4818,47
10.9762,47
11.4702,47
11.9751,47
12.5172,47
13.1085,47
13.8168,47
14.4531,47
15.0267,47
15.5797,47
16.1342,47
16.703,47
17.2745,47
17.8203,47
18.3605,47
18.9194,47
19.5293,47
20.1621,47
20.7849,47
21.3773,47
21.9307,47
22.4647,47
23.0062,47
23.5712,47
24.1472,47
24.6875,47
25.2089,47
25.7332,47
26.2906,47
26.8851,47
27.512,47
28.1266,47
28.6723,47
29.1907,47
29.6962,47
30.2028,47
30.7177,47
31.2612,47
31.8428,47
32.7014,47
33.5291,47
34.3392,47
35.1498,47
35.9302,47
36.6644,47
37.3489,47
38.0042,47
38.6704,47
39.3335,47
40.0196,47
40.6479,47
41.2676,47
41.8731,47
42.4387,47
42.9762,47
43.5158,47
44.0766,47
44.6846,47
45.552,47
46.3813,47
47.1955,47
47.9417,47
48.6477,47
49.3224,47
49.9683,47
50.6008,47
51.2314,47
51.8645,47
52.4901,47
53.1016,47
53.6836,47
54.225,47
54.7492,47
55.2766,47
55.8175,47
56.3944,47
57.0552,47
57.9625,47
58.801,47
59.6227,47
60.4081,47
61.1136,47
61.7915,47
62.4689,47
63.1565,47
63.838,47
64.0239,47
1.9525,48
2.4347,48
2.9397,48
3.4343,48
3.676,48
3.919,48
4.4059,48
5.0995,48
5.3696,48
5.5648,48
5.8041,48
10.5411,48
11.0233,48
11.5283,48
12.0229,48
12.2646,48
12.5076,48
12.9945,48
13.6881,48
13.9582,48
14.1534,48
14.3927,48
14.8328,48
15.5164,48
16.2362,48
16.7171,48
17.1692,48
17.6618,48
17.894,48
18.1525,48
18.6266,48
19.0904,48
19.6005,48
20.091,48
20.3062,48
20.55,48
21.0298,48
21.936,48
22.1661,48
22.4083,48
22.8862,48
24.294,48
24.5416,48
24.7916,48
25.5416,48
26.0303,48
26.7846,48
27.3157,48
28.9125,48
29.9658,48
30.5094,48
31.0785,48
31.3638,48
31.6149,48
31.8877,48
32.5077,48
32.7204,48
33.2384,48
33.422,48
33.7755,48
34.0246,48
34.2618,48
34.7835,48
35.3976,48
35.5707,48
35.8247,48
36.0895,48
36.3483,48
36.5928,48
37.1058,48
37.3595,48
37.633,48
37.8909,48
38.4051,48
38.9279,48
39.44,48
39.9491,48
40.2495,48
40.7782,48
41.5361,48
41.8068,48
42.078,48
42.6218,48
43.1519,48
43.6543,48
43.9323,48
44.4578,48
44.9735,48
45.51,48
46.318,48
46.8225,48
47.6409,48
47.899,48
48.183,48
48.4444,48
48.7208,48
49.2514,48
49.5131,48
49.8082,48
50.3677,48
50.6371,48
51.1642,48
52.5152,48
52.8261,48
53.325,48
53.6323,48
53.8908,48
54.4289,48
54.7166,48
55.8748,48
56.4214,48
57.0056,48
57.6345,48
58.2028,48
58.4683,48
58.8169,48
59.0951,48
60.0252,48
60.2967,48
61.7494,48
0.2825,49
0.4525,49
0.7715,49
1.7268,49
1.8982,49
2.2036,49
2.393,49
2.6838,49
3.1661,49
3.6475,49
4.1346,49
4.6385,49
5.1355,49
5.6326,49
6.133,49
6.6415,49
7.1651,49
7.6835,49
8.184,49
8.6852,49
9.1963,49
9.7141,49
10.2292,49
10.7494,49
11.2925,49
11.8261,49
12.3634,49
12.9159,49
13.5126,49
14.0673,49
14.6225,49
15.2075,49
15.7636,49
16.3202,49
16.8942,49
17.4458,49
17.9994,49
18.5807,49
19.4184,49
20.0647,49
20.6583,49
21.2394,49
21.864,49
22.7487,49
23.6496,49
24.5135,49
25.2913,49
25.982,49
26.623,49
27.2347,49
27.8398,49
28.433,49
28.9945,49
29.533,49
30.064,49
30.629,49
31.2178,49
31.774,49
32.3214,49
32.9033,49
33.8275,49
34.6823,49
35.514,49
36.3131,49
36.9923,49
37.6125,49
38.2295,49
38.878,49
39.7335,49
40.5686,49
41.3368,49
42.0056,49
42.6193,49
43.2096,49
43.7927,49
44.3972,49
45.3348,49
46.2366,49
47.1188,49
47.9243,49
48.6448,49
49.2912,49
49.9253,49
50.577,49
51.408,49
52.1823,49
52.8644,49
53.5069,49
54.1212,49
54.7303,49
55.3384,49
55.9149,49
56.478,49
57.06,49
58.0602,49
59.0015,49
59.8932,49
60.7697,49
61.5673,49
62.2993,49
63.0028,49
63.8857,49
64.6121,49
65.3294,49
66.0221,49
0.2957,5
0.9273,5
1.8304,5
2.6496,5
3.3756,5
4.677,5
5.3449,5
6.0658,5
6.8649,5
7.5584,5
8.2272,5
8.9373,5
9.7982,5
10.6513,5
11.3773,5
12.0645,5
12.8224,5
13.7264,5
14.6326,5
15.3998,5
16.0828,5
16.7947,5
17.735,5
18.6988,5
19.5559,5
20.3841,5
21.3276,5
22.219,5
22.9601,5
23.6771,5
24.7505,5
25.7421,5
26.7125,5
27.5193,5
28.4231,5
29.3091,5
30.057,5
30.8998,5
31.8493,5
32.624,5
33.3727,5
34.5021,5
35.5203,5
36.5119,5
37.453,5
38.2261,5
39.1029,5
40.1119,5
40.9524,5
41.7322,5
42.7421,5
43.8078,5
44.8258,5
45.6948,5
46.4663,5
47.3822,5
48.3735,5
49.3841,5
50.3202,5
51.2885,5
52.3282,5
53.2968,5
54.0805,5
54.8222,5
55.9469,5
57.0354,5
58.083,5
58.9903,5
59.9256,5
61.0352,5
62.081,5
62.9681,5
63.8557,5
0.482,50
1.0023,50
1.5247,50
1.75,50
2.043,50
3.5837,50
4.1068,50
4.6225,50
5.127,50
5.6346,50
6.1415,50
6.638,50
7.1365,50
7.6341,50
8.1262,50
8.6121,50
9.0977,50
10.0954,50
10.626,50
11.1546,50
11.671,50
12.1838,50
12.7006,50
13.2146,50
13.7268,50
14.2458,50
14.7584,50
15.2704,50
15.7759,50
16.2706,50
16.7691,50
17.2733,50
17.7817,50
18.3015,50
18.8402,50
19.3852,50
19.9397,50
20.4937,50
21.0265,50
21.5623,50
22.0921,50
22.6375,50
23.1998,50
23.7463,50
24.282,50
24.8328,50
25.4057,50
26.0131,50
26.6366,50
27.2129,50
27.7673,50
28.3196,50
28.8837,50
29.4806,50
30.0931,50
30.7223,50
31.3451,50
31.9259,50
32.4855,50
33.0239,50
33.5635,50
34.1021,50
34.6409,50
35.177,50
35.6996,50
36.2222,50
36.7453,50
37.2794,50
37.8251,50
38.3711,50
38.8892,50
39.4017,50
39.9083,50
40.4202,50
40.9491,50
41.5252,50
42.1277,50
42.727,50
43.3106,50
43.8661,50
44.4126,50
44.9451,50
45.4678,50
45.9843,50
46.4978,50
47.0125,50
47.5128,50
48.0066,50
48.4996,50
49.0162,50
49.9038,50
50.7799,50
51.6415,50
52.3928,50
53.0961,50
53.7608,50
54.3754,50
54.9591,50
55.5371,50
56.119,50
56.6696,50
57.21,50
57.7482,50
58.2993,50
58.9111,50
0.0242,51
0.1438,51
0.6835,51
1.2347,51
1.78,51
3.4958,51
5.1735,51
6.8428,51
7.4107,51
8.025,51
8.7158,51
9.4024,51
10.0839,51
10.7699,51
11.4168,51
12.0781,51
12.7368,51
13.3651,51
13.9913,51
14.6222,51
15.2532,51
15.8794,51
16.5456,51
17.2761,51
17.9686,51
18.675,51
19.3909,51
20.1367,51
20.8459,51
21.5435,51
22.2074,51
22.8952,51
23.6591,51
24.4451,51
25.2406,51
26.0366,51
26.7994,51
27.5426,51
28.3328,51
29.1353,51
29.884,51
30.6208,51
31.484,51
32.3943,51
33.2986,51
34.1762,51
35.0176,51
35.8344,51
36.6378,51
37.4333,51
38.2497,51
39.1561,51
40.0927,51
41.012,51
41.8962,51
42.6642,51
43.3861,51
44.1189,51
44.9177,51
45.8252,51
46.7301,51
47.6536,51
48.5615,51
49.4448,51
50.3483,51
51.231,51
52.1207,51
53.0779,51
53.9534,51
54.7409,51
55.5169,51
56.3848,51
57.3236,51
58.2776,51
59.198,51
0.3099,6
0.7474,6
1.1891,6
1.6255,6
2.0609,6
2.4934,6
2.9296,6
3.3716,6
3.8227,6
4.2721,6
4.7155,6
5.1622,6
5.6216,6
6.0818,6
6.537,6
6.9992,6
7.4701,6
7.9354,6
8.3971,6
8.8775,6
9.3532,6
9.8212,6
10.2939,6
10.7783,6
11.2645,6
11.742,6
12.2136,6
12.6968,6
13.2016,6
13.6936,6
14.1747,6
14.6586,6
15.1681,6
15.6833,6
16.1739,6
16.6549,6
17.1356,6
17.6279,6
18.1323,6
18.6248,6
19.108,6
19.5885,6
20.082,6
20.6225,6
21.1595,6
21.671,6
22.172,6
22.6733,6
23.2208,6
23.7686,6
24.3289,6
24.8942,6
25.4628,6
26.0229,6
26.5707,6
27.0933,6
27.5934,6
28.0868,6
28.5838,6
29.1168,6
29.6449,6
30.1525,6
30.6502,6
31.1608,6
31.7259,6
32.2584,6
32.7755,6
33.3204,6
33.9192,6
34.4683,6
34.9977,6
35.5531,6
36.1358,6
36.7058,6
37.2355,6
37.7644,6
38.327,6
38.9178,6
39.466,6
39.9973,6
40.5593,6
41.1617,6
41.7261,6
42.2651,6
42.8145,6
43.3665,6
43.8865,6
44.3978,6
44.9122,6
45.4693,6
46.0669,6
46.6206,6
47.1847,6
47.7963,6
48.411,6
48.9687,6
49.5215,6
50.0904,6
50.6645,6
51.201,6
51.7527,6
52.3359,6
52.9017,6
53.4529,6
54.0457,6
54.6625,6
55.2327,6
55.8222,6
56.4405,6
57.0432,6
57.6126,6
58.2033,6
58.826,6
59.4329,6
60.0158,6
60.6167,6
0.4148,7
0.9072,7
1.3925,7
1.8775,7
2.366,7
2.862,7
3.3484,7
3.8366,7
4.3272,7
4.8259,7
5.3171,7
5.8052,7
6.299,7
6.8086,7
7.3364,7
7.8532,7
8.3608,7
8.8731,7
9.4003,7
9.9389,7
10.461,7
10.974,7
11.4878,7
12.0289,7
12.5795,7
13.1117,7
13.6287,7
14.1384,7
14.6554,7
15.2241,7
15.9127,7
16.567,7
17.1593,7
17.7529,7
18.343,7
18.9097,7
19.4592,7
19.9865,7
20.4965,7
21.0145,7
21.5741,7
22.2962,7
22.9594,7
23.5843,7
24.245,7
24.9596,7
25.6171,7
26.2209,7
26.7922,7
27.3587,7
28.8443,7
29.7067,7
30.5716,7
31.4494,7
32.3102,7
33.1908,7
34.0273,7
34.8428,7
35.6128,7
36.3506,7
37.0354,7
37.7008,7
38.3483,7
38.9556,7
39.5392,7
40.1356,7
41.1123,7
42.0042,7
42.8468,7
43.7096,7
44.6248,7
45.55,7
46.4319,7
46.6455,7
47.2592,7
48.0026,7
48.2059,7
48.6791,7
48.8772,7
49.3308,7
49.9604,7
50.545,7
50.7713,7
51.1093,7
51.6798,7
52.468,7
53.4696,7
54.3799,7
55.2816,7
56.2298,7
57.1914,7
58.1666,7
59.1046,7
59.3223,7
60.0153,7
60.2264,7
60.8393,7
61.0654,7
61.5623,7
61.7702,7
1.9472,8
2.4944,8
3.1157,8
3.7597,8
4.3378,8
4.8746,8
5.9168,8
6.4769,8
7.1347,8
7.8111,8
8.4744,8
9.1465,8
9.8278,8
10.4514,8
11.0334,8
11.6067,8
12.1714,8
12.7145,8
13.2449,8
13.7675,8
14.3172,8
15.0762,8
15.8426,8
16.5351,8
17.1934,8
17.8427,8
18.4914,8
19.1228,8
19.7301,8
20.3087,8
20.8679,8
21.5107,8
22.2318,8
22.9636,8
23.6539,8
24.3433,8
25.0558,8
25.7724,8
26.4488,8
27.0979,8
27.7457,8
28.4058,8
29.0509,8
29.6845,8
30.3545,8
31.1966,8
31.9835,8
32.7367,8
33.5047,8
34.2662,8
34.9475,8
35.6225,8
36.3287,8
37.0375,8
37.7327,8
38.4523,8
39.2862,8
40.1253,8
40.9001,8
41.6849,8
42.4704,8
43.1963,8
43.88,8
44.5968,8
45.3559,8
46.0941,8
46.832,8
47.6557,8
48.4847,8
49.2695,8
50.0836,8
50.9067,8
51.6699,8
52.4121,8
53.1867,8
53.9614,8
54.7033,8
55.4749,8
56.3455,8
57.1866,8
57.9468,8
58.7141,8
59.531,8
0.1879,9
0.4468,9
0.7484,9
1.3021,9
1.5742,9
1.8464,9
2.1176,9
2.3984,9
2.6695,9
2.9406,9
3.2138,9
3.4749,9
4.0079,9
4.5396,9
4.8108,9
5.0623,9
5.3736,9
5.5758,9
5.8965,9
6.0901,9
6.6092,9
7.1244,9
7.4257,9
7.6469,9
7.9378,9
8.1728,9
8.4711,9
8.7247,9
9.0938,9
9.2943,9
11.2487,9
11.5497,9
12.0399,9
12.6031,9
13.1682,9
13.2277,9
13.5295,9
13.8404,9
14.1231,9
14.4263,9
14.7059,9
15.0289,9
15.3277,9
15.6401,9
16.0426,9
16.2784,9
16.5761,9
16.9171,9
17.2195,9
17.6213,9
17.8926,9
18.3391,9
18.6167,9
19.0215,9
19.7255,9
20.0141,9
20.4199,9
20.7188,9
21.0724,9
21.372,9
21.733,9
22.4084,9
22.6683,9
23.0791,9
23.372,9
23.7835,9
24.0665,9
24.4869,9
26.6473,9
27.151,9
27.3729,9
27.6631,9
28.0624,9
28.2405,9
28.3563,9
28.7246,9
28.8108,9
28.9892,9
29.3684,9
29.6505,9
30.0021,9
31.6101,9
32.012,9
32.3134,9
32.946,9
35.3882,9
36.4394,9
36.9226,9
37.2152,9
37.6886,9
37.9884,9
38.4614,9
39.2259,9
39.9588,9
40.2387,9
40.6829,9
40.7992,9
40.9805,9
41.1332,9
41.2655,9
41.326,9
41.6155,9
41.9574,9
42.2978,9
42.5615,9
42.8612,9
43.1732,9
43.6067,9
45.0526,9
49.8662,9
50.2004,9
50.6717,9
50.9947,9
51.4259,9
51.7286,9
52.1402,9
52.4536,9
52.8163,9
53.1379,9
53.4997,9
53.8002,9
54.1532,9
54.4547,9
54.815,9
55.4907,9
56.9475,9
57.2606,9
59.6242,9
59.8067,9
60.6674,9
60.7403,9
61.0313,9
61.5942,9
